namaproduk,hargaproduk
KERTAS THERMAL ROLL STICKER LABEL PRINT RESI 100 mm x 150 mm,Rp23.000
LABEL THERMAL PAPER A6 500PCS | KERTAS STIKER RESI 100X150MM - RUSFET,Rp42.500
Stiker Thermal Label Resi Thermal Paper Struk Thermal Struk Kasir,Rp3.650
Thermal label Stiker Rol Lipat Original 100x150 A6,Rp31.800
LABEL TERMAL 100x150 STICKER LABEL BARCODE THERMAL LABEL RESI TERMAL,Rp23.000
LABEL THERMAL 78 X 100 KERTAS STICKER BARCODE 78x100 mm Isi 300 Pcs,Rp18.850
Label Barcode 80 x 100 Kertas Sticker Thermal 80x100 mm (500 pcs),Rp55.000
LABEL D. THERMAL Uk 60 X 40 / 60X40 MM / 60X40MM STIKER BARCODE TERMAL,Rp18.000
LABEL BARCODE XPrinter XP-360B Uk. 33 X 15 (2 LINE) THERMAL 33X15 MM,Rp21.000
Label Thermal Stiker 58 x 5 m Label Sticker Continuous 58mm x 5 m 58x5,Rp3.700
-,-
-,-
-,-
-,-
-,-
-,-
-,-
-,-
-,-
-,-
-,-
-,-
-,-
-,-
-,-
-,-
-,-
-,-
-,-
-,-
-,-
-,-
-,-
-,-
-,-
-,-
-,-
-,-
-,-
-,-
-,-
-,-
-,-
-,-
-,-
-,-
-,-
-,-
-,-
-,-
-,-
-,-
-,-
-,-
-,-
-,-
-,-
-,-
-,-
-,-
-,-
-,-
-,-
-,-
-,-
-,-
-,-
-,-
-,-
-,-
-,-
-,-
-,-
-,-
-,-
-,-
-,-
-,-
-,-
-,-
-,-
-,-
-,-
-,-
-,-
-,-
-,-
-,-
-,-
-,-
Stiker Label Thermal Printer Resi Sticker Barcode POS A6 10x15cm / DUS,Rp552.000
Kertas Sticker Thermal Resi 100x150MM Label Barcode 100x150 ISI 500PCS,Rp38.500
Label Roll Thermal Stiker Thermal Rusfet Satuan 10x15cm 500 pcs - Stiker 500,Rp42.500
Label Thermal Stiker Thermal Label Printer Kertas Struk Kasir RUSFET - PAPER 57X40,Rp2.350
"Label sticker stiker thermal continuous rusfet lebel dus ojol - Label Continous, 57x30",Rp365.000
LABEL THERMAL 78 X 100 KERTAS STICKER BARCODE 78x100 mm Isi 300 Pcs,Rp17.800
Thermal Label Printer Sticker Niimbot D11 / D110 Refill Label - White,Rp63.000
kertas thermal label barcode 100 x 150 mm A6 isi 500 lembar,Rp38.500
LABEL STICKER DIRECT THERMAL 78X100 MM 8X10 CM 78X100MM ISI 500 PCS,Rp40.000
Stiker Kertas Label Barcode Thermal ukuran 70x50mm - 70 x 50 mm,Rp22.000
-,-
-,-
-,-
-,-
-,-
-,-
-,-
-,-
-,-
-,-
-,-
-,-
-,-
-,-
-,-
-,-
-,-
-,-
-,-
-,-
-,-
-,-
-,-
-,-
-,-
-,-
-,-
-,-
-,-
-,-
-,-
-,-
-,-
-,-
-,-
-,-
-,-
-,-
-,-
-,-
-,-
-,-
-,-
-,-
-,-
-,-
-,-
-,-
-,-
-,-
-,-
-,-
-,-
-,-
-,-
-,-
-,-
-,-
-,-
-,-
-,-
-,-
-,-
-,-
-,-
-,-
-,-
-,-
-,-
-,-
-,-
-,-
-,-
-,-
-,-
-,-
-,-
-,-
-,-
-,-
STICKER KERTAS THERMAL LABEL 100X150 MM,Rp50.000
65pcs Thermal Cable Label Sticker Stiker Label Kabel Untuk Niimbot - Putih,Rp67.000
LABEL THERMAL 78 X 100 KERTAS STICKER BARCODE 78x100 mm Isi 300 Pcs,Rp17.550
KERTAS LABEL STIKER PRINTER BLUETOOTH THERMAL ( 58 x 30 mm / 5 M ),Rp7.500
Label Kertas Stiker Thermal 10x15 500 Resi Paper sticker RUSFET,Rp28.500
Label Thermal STM 78X100 300PCS Kertas Sticker Printer RESI TERMAL A6,Rp16.000
BLUEPRINT - Direct Thermal Sticker / Label Stiker 50x20 mm - 1000pcs,Rp14.200
Label Stiker Thermal Paper A6 10x15mm 100x150 cm Sticker Barcode Resi,Rp42.500
LABEL BARCODE 60 X 40 KERTAS STICKER THERMAL 60x40 mm (500 pcs),Rp20.000
LABEL THERMAL 78 X 100 KERTAS STICKER BARCODE 78x100 mm Isi 300 Pcs,Rp30.500
-,-
-,-
-,-
-,-
-,-
-,-
-,-
-,-
-,-
-,-
-,-
-,-
-,-
-,-
-,-
-,-
-,-
-,-
-,-
-,-
-,-
-,-
-,-
-,-
-,-
-,-
-,-
-,-
-,-
-,-
-,-
-,-
-,-
-,-
-,-
-,-
-,-
-,-
-,-
-,-
-,-
-,-
-,-
-,-
-,-
-,-
-,-
-,-
-,-
-,-
-,-
-,-
-,-
-,-
-,-
-,-
-,-
-,-
-,-
-,-
-,-
-,-
-,-
-,-
-,-
-,-
-,-
-,-
-,-
-,-
-,-
-,-
-,-
-,-
-,-
Kertas Label Barcode Thermal 100 x 150 mm,Rp30.000
"label barcode / stiker label / thermal 20mm x40mmcore 1"" isi 5000 pcs",Rp75.000
LABEL THERMAL - STIKER THERMAL - RESI BARCODE 100 X 60 MM = 500 pcs,Rp48.500
LABEL STICKER THERMAL 10X10,Rp55.000
LABEL THERMAL - STIKER THERMAL - RESI BARCODE 100 X 150 MM = 500 pcs,Rp47.500
Label Stiker Barcode 90x50 mm 90 x 50 Kertas Thermal 90x50mm isi 1000,Rp62.000
stiker label thermal 60x40 500 pcs,Rp14.000
KERTAS THERMAL LABEL 100X150 mm STICKER LABEL Isi 300 pcs,Rp54.450
KERTAS THERMAL LABEL BARCODE A6 100X150 500PCS ROLL KHUSUS GOSEND,Rp960.000
KERTAS STICKER THERMAL 80 MM cocok untuk printer Label 80mm continuous,Rp12.500
-,-
-,-
-,-
-,-
-,-
-,-
-,-
-,-
-,-
-,-
-,-
-,-
-,-
-,-
-,-
-,-
-,-
-,-
-,-
-,-
-,-
-,-
-,-
-,-
-,-
-,-
-,-
-,-
-,-
-,-
-,-
-,-
-,-
-,-
-,-
-,-
-,-
-,-
-,-
-,-
-,-
-,-
-,-
-,-
-,-
-,-
-,-
-,-
-,-
-,-
-,-
-,-
-,-
-,-
-,-
-,-
-,-
-,-
-,-
-,-
-,-
-,-
-,-
-,-
-,-
-,-
-,-
-,-
-,-
-,-
-,-
-,-
-,-
-,-
-,-
Label Thermal 100x150 Sticker Thermal Isi 500 pcs,Rp50.000
KASSEN DT-640 BT BPRINTER BARCODE STICKER LABEL THERMAL USB BLUETOOTH,Rp1.050.000
Label Thermal Sticker [100 x 150 mm] isi 500 pcs - Stiker Resi Barcode,Rp38.800
Label Stiker thermal 50x60 mm,Rp52.000
Label Thermal 100x150 1 Line isi 500PCS ( Model ROLL ),Rp75.000
RESI Label Barcode 80 x 100 Kertas Sticker Thermal 80x100 mm (500 pcs),Rp29.935
Kertas Thermal Label Stiker Continuous 78x50mm 13 meter,Rp20.000
Kertas Sticker Thermal Resi 100x150MM Label Barcode 100x150 ISI 250PCS,Rp22.500
BLUEPRINT - Direct Thermal Sticker / Label Stiker 78x100 mm - 90pcs,Rp10.500
Kertas sticker thermal label resi pengiriman olshop 80mm x 10 meter ,Rp12.990
-,-
-,-
-,-
-,-
-,-
-,-
-,-
-,-
-,-
-,-
-,-
-,-
-,-
-,-
-,-
-,-
-,-
-,-
-,-
-,-
-,-
-,-
-,-
-,-
-,-
-,-
-,-
-,-
-,-
-,-
-,-
-,-
-,-
-,-
-,-
-,-
-,-
-,-
-,-
-,-
-,-
-,-
-,-
-,-
-,-
-,-
-,-
-,-
-,-
-,-
-,-
-,-
-,-
-,-
-,-
-,-
-,-
-,-
-,-
-,-
-,-
-,-
-,-
-,-
-,-
-,-
-,-
-,-
-,-
-,-
-,-
-,-
-,-
-,-
-,-
Label Barcode MURAH 100 x 150 A6 kertas stiker thermal 500 pcs,Rp43.500
Label Direct Thermal 100mm (w) x 150mm (h) Core 1 Inch,Rp30.000
Label Thermal Sticker Kertas Printer Resi Stiker Barcode POS DUS - Label 10x15 200,Rp552.000
Stiker Label Thermal Paper Stiker Barcode Printer Resi Kertas POS A6,Rp3.650
Label Kertas Stiker Thermal Resi Paper Barcode sticker printer POS - Label 10x15 300,Rp28.500
Label Thermal 100x150 mm Stiker Fragile Resi 4x6 inch isi 500 pcs,Rp83.000
KERTAS STICKER LABEL PRINTER BARCODE 78 X 100 MM - 1 LINE - THERMAL,Rp19.500
LABEL THERMAL 100 X 60 MM STICKER LABEL ISI 500 PCS,Rp50.000
LABEL STICKER THERMAL ROLL KERTAS MESIN PRINT RESI 10 CM x 15 CM,Rp23.000
KERTAS THERMAL LABEL STICKER 100X150 500PCS BARCODE UKURAN A6,Rp39.500
-,-
-,-
-,-
-,-
-,-
-,-
-,-
-,-
-,-
-,-
-,-
-,-
-,-
-,-
-,-
-,-
-,-
-,-
-,-
-,-
-,-
-,-
-,-
-,-
-,-
-,-
-,-
-,-
-,-
-,-
-,-
-,-
-,-
-,-
-,-
-,-
-,-
-,-
-,-
-,-
-,-
-,-
-,-
-,-
-,-
-,-
-,-
-,-
-,-
-,-
-,-
-,-
-,-
-,-
-,-
-,-
-,-
-,-
-,-
-,-
-,-
-,-
-,-
-,-
-,-
-,-
-,-
-,-
-,-
-,-
-,-
-,-
-,-
-,-
-,-
Cetak Sticker / Print Stiker Label Produk Chromo A3+ - Cetak Saja,Rp4.500
"Print & Cut Sticker Hologram, Cetak Stiker Hologram Rainbow Murah",Rp17.000
Print Sticker Vinyl Ritrama Meteran - Non Laminasi,Rp75.000
"Print & Cut Sticker Ritrama, Print Cut Stiker Meteran Murah, Bandung - TANPA Laminasi",Rp100.000
CETAK STICKER CUSTOM PRINT UV DTF A4 A5 - 5x5cm,Rp6.250
KERTAS THERMAL STIKER LABEL 58X30/57X30,Rp3.900
LABEL THERMAL STIKER 80 x 100 mm STICKER DIRECT THERMAL 80x100 -1 LINE,Rp16.170
BLUEPRINT - Direct Thermal Sticker / Label Stiker 55x40 mm - 220pcs,Rp9.000
kertas thermal / label thermal stiker 58mm x 30mm,Rp4.149
KERTAS LABEL STICKER JNE 102 X 127 BARCODE THERMAL 102X127MM RESI JNE,Rp75.000
-,-
-,-
-,-
-,-
-,-
-,-
-,-
-,-
-,-
-,-
-,-
-,-
-,-
-,-
-,-
-,-
-,-
-,-
-,-
-,-
-,-
-,-
-,-
-,-
-,-
-,-
-,-
-,-
-,-
-,-
-,-
-,-
-,-
-,-
-,-
-,-
-,-
-,-
-,-
-,-
-,-
-,-
-,-
-,-
-,-
-,-
-,-
-,-
-,-
-,-
-,-
-,-
-,-
-,-
-,-
-,-
-,-
-,-
-,-
-,-
-,-
-,-
-,-
-,-
-,-
-,-
-,-
-,-
-,-
-,-
-,-
-,-
-,-
-,-
-,-
THERMAL KERTAS STICKER LABEL PRINTER BARCODE 50 X 20 MM - 1 LINE -1000,Rp16.000
LABEL THERMAL100x150 Kertas Sticker Receipt Printer Barcode Termal A6,Rp39.000
Thermal Printer Stiker Label Resi Sticker Barcode POS A6 10x15cm / DUS - Label 10x15 300,Rp684.000
Label Kertas Sticker Thermal Resi Paper Stiker Printer Barcode POS - Label 10x15 200,Rp23.000
Label Thermal Paper Sticker Kertas Printer Resi Stiker Barcode POS DUS - Paper 80x40,Rp182.500
LABEL STICKER THERMAL 58 X 30 M PRINTER UNTUK EPSON TM-T82 MOKA POS,Rp27.000
KERTAS STICKER LABEL PRINTER BARCODE 78 X 100 MM - 1 LINE - THERMAL,Rp30.500
Kertas Sticker Label Barcode Thermal 100 x 100 mm - ISI 250PCS 10x10cm,Rp28.000
Label Thermal Barcode 100 x 150 mm 500pcs Sticker Resi 4x6 100x150,Rp41.500
LABEL STICKER 58x10M METER POS PRINTER THERMAL 58MM CONTINUES 58 x 10,Rp6.990
-,-
-,-
-,-
-,-
-,-
-,-
-,-
-,-
-,-
-,-
-,-
-,-
-,-
-,-
-,-
-,-
-,-
-,-
-,-
-,-
-,-
-,-
-,-
-,-
-,-
-,-
-,-
-,-
-,-
-,-
-,-
-,-
-,-
-,-
-,-
-,-
-,-
-,-
-,-
-,-
-,-
-,-
-,-
-,-
-,-
-,-
-,-
-,-
-,-
-,-
-,-
-,-
-,-
-,-
-,-
-,-
-,-
-,-
-,-
-,-
-,-
-,-
-,-
-,-
-,-
-,-
-,-
-,-
-,-
-,-
-,-
-,-
-,-
-,-
-,-
Label Kertas dan Stiker Thermal Printer / Termal Struk Kasir Barcode - KERTAS 57X30MM,Rp1.500
Stiker Label Thermal Paper Sticker Barcode Printer Resi Kertas POS - Label 10x15 200,Rp23.000
Sticker Label Thermal 60x30 mm Kertas Stiker Printer Barcode 60 x 30,Rp16.000
KERTAS STICKER LABEL PRINTER BARCODE 78 X 100 78x100 DIRECT THERMAL,Rp50.000
Label Thermal 100x150 Kertas Sticker Receipt Printer Barcode Xpinter - Roll,Rp69.000
LABEL STICKER THERMAL 100X100 MM KERTAS PRINTER DIRECT THERMAL 500 PCS,Rp48.000
LABEL THERMAL 80 X 10 M CONTINUOUS - PRINTER EPSON TM-T82 ( STIKER ),Rp16.500
Sticker Label Thermal 78x100 mm Kertas Stiker Printer Barcode 78 x 100,Rp28.000
Kertas Roll Label Stiker Direct Thermal 40 x 20 1Line import,Rp28.000
Printer Barcode Thermal/Label Resi A6 BLUEPRINT TD110D USB+Bluetooth,Rp1.312.800
-,-
-,-
-,-
-,-
-,-
-,-
-,-
-,-
-,-
-,-
-,-
-,-
-,-
-,-
-,-
-,-
-,-
-,-
-,-
-,-
-,-
-,-
-,-
-,-
-,-
-,-
-,-
-,-
-,-
-,-
-,-
-,-
-,-
-,-
-,-
-,-
-,-
-,-
-,-
-,-
-,-
-,-
-,-
-,-
-,-
-,-
-,-
-,-
-,-
-,-
-,-
-,-
-,-
-,-
-,-
-,-
-,-
-,-
-,-
-,-
-,-
-,-
-,-
-,-
-,-
-,-
-,-
-,-
-,-
-,-
-,-
-,-
-,-
-,-
-,-
Print Sticker vinyl RITRAMA setengah meter (50 x 100cm). - Kiss Cut,Rp50.000
Label Thermal STM 100X150 500PCS Kertas Sticker Printer RESI TERMAL A6 - Lipat A6,Rp39.600
Cetak Sticker Cromo A3+ | Stiker Label Kromo A3+ | Print + Kiss Cut,Rp7.000
"Print Sticker / Cetak Sticker Vinyl A3+ dan Kiss Cut - Glossy, Print Only",Rp10.000
EXILO Sticker Vinyl Roll White Gloss Eco Solvent UV Print P 50m - 1.06 X 50 M,Rp650.000
Stiker Label Printer Bluetooth 33 x 15 mm Thermal 1 Line Diameter 48mm,Rp6.500
CLABEL 520B Thermal Label Sticker Paper Ocean 14x40x110pcs,Rp50.688
MIXUE Stiker Label Barcode Thermal 40x30 mm 40 x 30 mm 40x30mm 4x3CM,Rp19.500
Direct Thermal Sticker / Label Stiker Blueprint 55x40mm 1 Line 220pcs,Rp8.900
LABEL BARCODE 100 X 150 KERTAS STICKER THERMAL 100x150 mm (250 pcs),Rp28.000
-,-
-,-
-,-
-,-
-,-
-,-
-,-
-,-
-,-
-,-
-,-
-,-
-,-
-,-
-,-
-,-
-,-
-,-
-,-
-,-
-,-
-,-
-,-
-,-
-,-
-,-
-,-
-,-
-,-
-,-
-,-
-,-
-,-
-,-
-,-
-,-
-,-
-,-
-,-
-,-
-,-
-,-
-,-
-,-
-,-
-,-
-,-
-,-
-,-
-,-
-,-
-,-
-,-
-,-
-,-
-,-
-,-
-,-
-,-
-,-
-,-
-,-
-,-
-,-
-,-
-,-
-,-
-,-
-,-
-,-
